word,male,male_ratio,female,female_ratio,female_male_ratio
dress,395,0.011024589,717,0.029730066,2.696705145
girl,1932,0.0539228,3282,0.136086578,2.523729814
men,557,0.015546066,919,0.0381059,2.451160333
yoga,746,0.020821123,1169,0.048472032,2.328022039
independ,841,0.023472606,1279,0.05303313,2.259362688
garden,393,0.010968768,579,0.024007961,2.18875634
sweet,718,0.020039633,1053,0.043662147,2.178789786
silli,855,0.023863351,1168,0.048430568,2.029495682
laughter,399,0.01113623,506,0.020981051,1.884035253
danc,2770,0.077311675,3499,0.14508438,1.876616701
sing,728,0.020318736,910,0.03773272,1.857040677
market,486,0.013564431,606,0.025127503,1.852455391
children,547,0.015266963,682,0.028278807,1.852287739
warm,719,0.020067543,889,0.036861965,1.836894756
spirit,490,0.013676072,601,0.024920181,1.822173791
compassion,477,0.013313238,582,0.024132355,1.812658573
sexi,439,0.012252645,532,0.022059128,1.800356519
color,372,0.010382651,447,0.018534644,1.785155231
dog,1331,0.037148678,1598,0.066260314,1.783651992
ocean,544,0.015183231,642,0.026620226,1.753264874
museum,591,0.016495018,694,0.028776382,1.744549888
mom,418,0.011666527,490,0.020317618,1.74153097
laugh,3981,0.111111111,4662,0.193307625,1.739768628
famili,3547,0.098998018,4151,0.172119252,1.738613104
affection,376,0.010494292,440,0.018244392,1.738506166
tattoo,375,0.010466382,429,0.017788282,1.699563627
absolut,513,0.014318011,582,0.024132355,1.685454462
glass,476,0.013285328,540,0.022390845,1.685381455
cute,374,0.010438472,423,0.017539495,1.680274238
amp,2211,0.061709788,2480,0.102832027,1.666381141
joy,473,0.013201596,528,0.02189327,1.658380511
shop,547,0.015266963,608,0.025210432,1.651306371
readi,651,0.018169639,722,0.029937389,1.647660054
paint,462,0.012894583,510,0.021146909,1.639983974
ground,468,0.013062045,516,0.021395696,1.63800511
energet,367,0.010243099,403,0.016710204,1.631362164
wine,1475,0.041167769,1602,0.066426172,1.613548021
cat,680,0.018979039,730,0.030269105,1.594870228
love,26032,0.726562282,27793,1.152423602,1.586131885
anim,1049,0.029277959,1117,0.046315877,1.581936653
appreci,1703,0.047531329,1807,0.0749264,1.576358193
inspir,553,0.015434425,582,0.024132355,1.563540939
theater,450,0.012559658,471,0.019529792,1.55496206
fashion,413,0.011526975,431,0.017871211,1.550381659
surround,491,0.013703983,511,0.021188373,1.546147105
communiti,604,0.016857853,628,0.026039723,1.544664298
dinner,871,0.024309917,903,0.037442468,1.54021376
support,517,0.014429652,527,0.021851806,1.514368181
heart,2037,0.056853387,2073,0.085955965,1.511888198
happi,2738,0.076418544,2785,0.115478708,1.511134634
easili,629,0.017555611,639,0.026495833,1.509251501
adventur,3775,0.105361579,3831,0.158850603,1.507671064
super,649,0.018113818,655,0.027159265,1.499367203
favorit,1981,0.055290407,1999,0.08288759,1.499131474
health,419,0.011694437,422,0.01749803,1.496269529
beauti,1619,0.04518686,1626,0.067421321,1.492055906
loyal,1061,0.029612883,1061,0.043993863,1.485632541
amaz,1334,0.03723241,1330,0.055147821,1.481177871
water,833,0.023249323,830,0.034415557,1.480282124
spiritu,724,0.020207095,716,0.029688601,1.469216712
swim,748,0.020876943,738,0.030600821,1.465771144
truli,549,0.015322783,540,0.022390845,1.46127791
hair,553,0.015434425,543,0.022515238,1.458767577
partner,1476,0.041195679,1437,0.059584525,1.446378023
honesti,552,0.015406514,535,0.022183522,1.439879365
curious,1080,0.03014318,1045,0.043330431,1.437487042
connect,1316,0.036730023,1266,0.052494091,1.429187536
hike,3182,0.08881074,3048,0.126383879,1.423069763
lover,794,0.022160819,759,0.031471576,1.420144961
drama,565,0.015769349,540,0.022390845,1.419896588
wear,729,0.020346647,695,0.028817846,1.416343781
spontan,1108,0.03092467,1056,0.043786541,1.415909715
pleas,1126,0.031427056,1067,0.04424265,1.407788563
sensit,399,0.01113623,378,0.015673591,1.407441355
incred,447,0.012475927,423,0.017539495,1.405867036
soul,700,0.019537246,662,0.027449517,1.404983918
communic,803,0.022412013,757,0.031388647,1.400527813
friendship,640,0.017862625,603,0.02500311,1.39974441
sun,518,0.014457562,488,0.020234689,1.399592047
import,2622,0.073180943,2467,0.102292988,1.397809107
valu,1306,0.03645092,1228,0.050918439,1.396904105
organ,498,0.013899355,466,0.01932247,1.390170209
commit,484,0.01350861,452,0.018741966,1.387408902
alon,557,0.015546066,520,0.021561554,1.386945999
outgo,1210,0.033771526,1129,0.046813451,1.386181107
energi,731,0.020402467,675,0.027988556,1.371822114
chemistri,440,0.012280555,406,0.016834598,1.370833663
challeng,1030,0.028747663,946,0.039225443,1.364474159
excit,1205,0.033631974,1106,0.045859767,1.363576424
crazi,871,0.024309917,799,0.033130157,1.3628248
trip,1570,0.043819253,1433,0.059418667,1.355994543
must,726,0.020262916,661,0.027408052,1.352621363
morn,558,0.015573976,508,0.02106398,1.352511346
walk,2084,0.058165173,1897,0.078658208,1.352324823
explor,3282,0.091601775,2985,0.123771613,1.351192302
midwest,400,0.011164141,363,0.015051623,1.348211531
dive,638,0.017806805,578,0.023966497,1.345917882
practic,828,0.023109771,750,0.031098395,1.34568165
total,810,0.022607385,729,0.03022764,1.337069287
meal,483,0.0134807,434,0.017995605,1.334916197
note,462,0.012894583,415,0.017207779,1.334496763
creativ,2032,0.056713835,1825,0.075672762,1.334291037
extrem,786,0.021937537,705,0.029232492,1.332533005
travel,6952,0.194032767,6228,0.258241075,1.330914768
strong,1198,0.033436602,1073,0.044491438,1.330620799
beach,1586,0.044265818,1413,0.058589377,1.323580568
sarcasm,383,0.010689665,340,0.014097939,1.318838287
care,2678,0.074743923,2363,0.097980678,1.310884875
miss,797,0.022244551,703,0.029149563,1.310413647
comfort,1288,0.035948533,1136,0.047103703,1.310309446
camp,1373,0.038320913,1210,0.050172078,1.309261016
genuin,764,0.021323509,672,0.027864162,1.306734382
jump,363,0.010131458,319,0.013227184,1.30555587
home,2830,0.078986296,2485,0.10303935,1.304521861
smart,1481,0.041335231,1300,0.053903885,1.304066377
natur,2058,0.057439504,1805,0.074843471,1.302996471
public,382,0.010661754,335,0.013890617,1.302845292
optimist,714,0.019927991,625,0.025915329,1.300448653
hot,654,0.01825337,572,0.02371771,1.299360571
lucki,577,0.016104273,504,0.020898122,1.297675565
outsid,1446,0.040358369,1262,0.052328233,1.296589396
spend,3270,0.091266851,2847,0.118049509,1.293454387
wonder,1213,0.033855257,1052,0.043620683,1.288446359
cuddl,382,0.010661754,331,0.013724758,1.28728893
book,2035,0.056797566,1762,0.073060497,1.286331468
friend,12297,0.343213598,10622,0.440436207,1.283271437
togeth,1269,0.035418237,1096,0.045445122,1.2830995
healthi,1060,0.029584973,915,0.037940042,1.282409222
posit,1212,0.033827347,1046,0.043371895,1.282154817
list,981,0.027380055,846,0.03507899,1.281187696
someon,7588,0.211783751,6542,0.271260936,1.280839231
shi,1210,0.033771526,1042,0.043206037,1.279362899
sarcast,1084,0.030254822,933,0.038686404,1.278685573
smile,1250,0.03488794,1075,0.044574367,1.277643986
daili,413,0.011526975,355,0.014719907,1.276996494
forward,801,0.022356192,688,0.028527595,1.276048924
social,1969,0.054955483,1690,0.070075051,1.275123918
equal,533,0.014876218,457,0.018949289,1.273797507
bodi,785,0.021909626,672,0.027864162,1.271777156
kind,3937,0.109883056,3370,0.139735456,1.271674286
fall,669,0.018672025,572,0.02371771,1.270226926
especi,1674,0.046721929,1431,0.059335738,1.269976205
passion,3725,0.103966061,3180,0.131857196,1.268271539
peac,359,0.010019816,306,0.012688145,1.266305175
nativ,833,0.023249323,708,0.029356885,1.262698487
coast,1530,0.042702838,1300,0.053903885,1.262302159
share,2798,0.078093165,2370,0.098270929,1.258380673
room,423,0.011806079,358,0.014844301,1.257343853
concert,720,0.020095453,609,0.025251897,1.256597525
park,1042,0.029082587,881,0.036530248,1.256086631
marri,453,0.012643389,383,0.015880914,1.256064599
giant,619,0.017276508,523,0.021685948,1.255227495
direct,546,0.015239052,461,0.019115147,1.25435275
cook,3191,0.089061933,2694,0.111705436,1.254244458
definit,1329,0.037092858,1122,0.046523199,1.254236051
class,633,0.017667253,534,0.022142057,1.253282428
continu,546,0.015239052,459,0.019032218,1.248910873
spot,369,0.01029892,310,0.012854003,1.248092379
sexual,360,0.010047727,302,0.012522287,1.246280632
return,490,0.013676072,411,0.017041921,1.246112193
okay,370,0.01032683,310,0.012854003,1.244719156
awkward,370,0.01032683,310,0.012854003,1.244719156
wish,646,0.018030087,541,0.022432309,1.24415976
pleasur,421,0.011750258,352,0.014595514,1.242144073
close,1348,0.037623154,1127,0.046730522,1.242068156
parent,565,0.015769349,471,0.019529792,1.238465358
lazi,359,0.010019816,299,0.012397894,1.237337409
qualiti,794,0.022160819,661,0.027408052,1.236779735
coffe,1151,0.032124815,958,0.039723017,1.236521264
witti,760,0.021211867,631,0.026164117,1.233465965
relationship,3244,0.090541182,2687,0.111415184,1.230547053
east,1637,0.045689246,1351,0.056018576,1.226077925
balanc,1017,0.028384828,839,0.034788738,1.225610327
art,3216,0.089759692,2642,0.109549281,1.220473002
hate,1105,0.030840939,907,0.037608326,1.219428701
lifestyl,473,0.013201596,388,0.016088237,1.218658406
tast,709,0.01978844,581,0.02409089,1.217422435
footbal,559,0.015601887,458,0.018990753,1.217208773
although,1299,0.036255547,1064,0.044118257,1.216869149
honest,2431,0.067850066,1991,0.082555873,1.216739774
road,888,0.024784393,727,0.030144711,1.216277993
local,838,0.023388875,686,0.028444666,1.2161622
brain,363,0.010131458,297,0.012314965,1.215517534
intellig,1662,0.046387005,1358,0.056308828,1.213892293
express,523,0.014597114,427,0.017705353,1.212935172
wild,414,0.011554886,338,0.01401501,1.212907727
skill,450,0.012559658,367,0.015217481,1.211615873
restaur,1198,0.033436602,977,0.040510843,1.21157178
food,3355,0.093639231,2732,0.113281088,1.209760985
oakland,748,0.020876943,609,0.025251897,1.209559115
next,1394,0.038907031,1132,0.046937845,1.206410356
charm,383,0.010689665,311,0.012895468,1.206349139
visit,948,0.026459014,769,0.031886221,1.205117536
photo,497,0.013871445,403,0.016710204,1.204647715
attract,1052,0.02936169,853,0.035369242,1.204605093
sleep,654,0.01825337,530,0.021976199,1.203952977
educ,953,0.026598565,772,0.032010615,1.203471482
southern,441,0.012308465,357,0.014802836,1.202654915
believ,2955,0.08247509,2389,0.099058755,1.201074836
afraid,626,0.01747188,506,0.020981051,1.200846751
goofi,563,0.015713528,455,0.01886636,1.200644416
teach,838,0.023388875,677,0.028071485,1.200206719
admit,452,0.012615479,365,0.015134552,1.199681145
intern,412,0.011499065,332,0.013766223,1.197160203
confid,926,0.025844986,746,0.030932537,1.196848678
littl,3742,0.104440537,3010,0.124808227,1.19501709
stranger,368,0.01027101,296,0.0122735,1.194965305
ideal,474,0.013229507,381,0.015797985,1.194147676
wit,473,0.013201596,379,0.015715056,1.190390556
intens,488,0.013620252,391,0.01621263,1.190332631
proud,396,0.011052499,317,0.013144255,1.189256353
learn,4248,0.118563175,3395,0.14077207,1.187316968
creat,928,0.025900807,740,0.03068375,1.18466388
summer,903,0.025203048,715,0.029647137,1.176331414
sens,3033,0.084652097,2400,0.099514865,1.175574711
plus,416,0.011610706,329,0.013641829,1.174935351
also,9214,0.257165983,7285,0.30206908,1.174607452
full,1279,0.03569734,1009,0.041837708,1.172011911
clean,388,0.010829217,306,0.012688145,1.171658654
day,5200,0.14513383,4098,0.169921632,1.170792722
okc,362,0.010103547,285,0.01181739,1.16962783
surpris,530,0.014792487,417,0.017290708,1.168884471
experienc,449,0.012531748,353,0.014636978,1.167991731
side,1556,0.043428508,1223,0.050711117,1.167691901
person,8171,0.228055486,6416,0.266036406,1.166542453
near,782,0.021825895,614,0.02545922,1.166468517
feel,4687,0.13081582,3677,0.152465066,1.165494102
street,574,0.016020542,450,0.018659037,1.164694501
place,4213,0.117586313,3299,0.136791475,1.163328211
liber,405,0.011303693,317,0.013144255,1.162828434
entertain,565,0.015769349,442,0.018327321,1.162211652
quiet,899,0.025091406,703,0.029149563,1.161734902
catch,485,0.013536521,379,0.015715056,1.160937594
offer,1037,0.028943035,810,0.033586267,1.160426575
prefer,1593,0.044461191,1244,0.051581872,1.160154979
man,2431,0.067850066,1897,0.078658208,1.159294501
casual,368,0.01027101,287,0.011900319,1.158631901
fascin,421,0.011750258,328,0.013600365,1.157452431
cultur,1631,0.045521784,1270,0.052659949,1.156807681
cant,2138,0.059672332,1663,0.068955509,1.155569184
humor,3164,0.088308354,2458,0.101919808,1.154135521
divers,385,0.010745486,299,0.012397894,1.153776961
best,3187,0.088950292,2474,0.10258324,1.153264797
everyday,459,0.012810852,356,0.014761372,1.152255304
weather,529,0.014764576,410,0.017000456,1.151435429
space,520,0.014513383,403,0.016710204,1.15136522
want,7616,0.21256524,5900,0.24464071,1.150897058
nyc,532,0.014848307,412,0.017083385,1.150527457
save,381,0.010633844,295,0.012232035,1.150292913
life,15831,0.441848782,12256,0.508189244,1.150142911
california,1766,0.049289682,1366,0.056640544,1.14913593
abl,1012,0.028245276,782,0.03242526,1.147988782
cold,360,0.010047727,278,0.011527139,1.147238463
hand,1093,0.030506015,844,0.034996061,1.147185604
truth,474,0.013229507,366,0.015176017,1.147133988
fun,7489,0.209020626,5775,0.239457644,1.145617296
event,799,0.022300371,616,0.025542149,1.145368768
outdoor,2711,0.075664964,2089,0.086619397,1.144775499
new,12687,0.354098635,9771,0.405149894,1.144172426
take,6138,0.17131374,4725,0.195919891,1.143632088
includ,1290,0.036004354,993,0.041174275,1.143591561
moment,1420,0.0396327,1091,0.045237799,1.141426129
need,3007,0.083926428,2310,0.095783058,1.141274084
languag,711,0.01984426,546,0.022639632,1.140865496
situat,807,0.022523654,619,0.025666542,1.139537228
woman,1813,0.050601468,1388,0.057552764,1.137373396
bring,801,0.022356192,613,0.025417755,1.136944754
huge,933,0.026040358,714,0.029605672,1.136914935
onlin,970,0.027073041,742,0.030766679,1.136432315
known,544,0.015183231,416,0.017249243,1.136071943
folk,408,0.011387424,312,0.012936932,1.136071943
basebal,526,0.014680845,402,0.01666874,1.13540738
dream,1014,0.028301097,774,0.032093544,1.134003538
watch,3487,0.097323397,2661,0.110337107,1.133716144
accept,447,0.012475927,341,0.014139404,1.133334892
true,1028,0.028691842,784,0.032508189,1.133011588
grow,1142,0.031873622,870,0.036074139,1.131786612
great,5189,0.144826816,3952,0.163867811,1.131474235
discov,780,0.021770075,594,0.024629929,1.13136632
run,2440,0.068101259,1858,0.077041091,1.131272648
power,440,0.012280555,335,0.013890617,1.131106594
other,2288,0.063858885,1740,0.072148277,1.129807964
opinion,587,0.016383377,446,0.018493179,1.128777025
earth,1161,0.032403919,882,0.036571713,1.12862007
field,386,0.010773396,293,0.012149106,1.127695167
night,1967,0.054899662,1493,0.061906539,1.127630597
yet,1714,0.047838343,1300,0.053903885,1.126792476
plan,1331,0.037148678,1008,0.041796243,1.125107139
citi,4727,0.131932234,3578,0.148360078,1.124517291
will,6902,0.192637249,5199,0.215574076,1.119067456
part,2494,0.069608418,1878,0.077870382,1.118692026
live,12106,0.337882721,9106,0.377575984,1.117476452
progress,427,0.01191772,321,0.013310113,1.116833831
sometim,3174,0.088587457,2381,0.098727039,1.114458438
even,3542,0.098858467,2657,0.110171249,1.114434123
deep,860,0.024002903,644,0.026703155,1.112496926
long,3114,0.086912836,2331,0.096653813,1.112077538
read,4335,0.120991376,3244,0.134510926,1.111739784
random,1227,0.034246002,918,0.038064436,1.111500141
light,627,0.017499791,469,0.019446863,1.111262619
activ,3714,0.103659047,2777,0.115146992,1.110824332
seek,958,0.026738117,716,0.029688601,1.110347494
perfect,929,0.025928717,693,0.028734917,1.108227504
involv,738,0.02059784,550,0.02280549,1.107178723
consid,1443,0.040274638,1075,0.044574367,1.106760209
peopl,15249,0.425604957,11355,0.470829705,1.106259919
still,3635,0.101454129,2705,0.112161546,1.105539484
matter,850,0.023723799,632,0.026205581,1.10461149
throw,374,0.010438472,278,0.011527139,1.104293707
experi,2588,0.072231991,1921,0.079653357,1.102743475
make,9908,0.276535767,7351,0.304805739,1.102228988
opportun,670,0.018699936,497,0.02060787,1.102028915
bit,3051,0.085154484,2262,0.09379276,1.101442415
past,1163,0.032459739,862,0.035742422,1.101130912
thing,14613,0.407853973,10830,0.449060828,1.101033355
song,520,0.014513383,385,0.015963843,1.099939478
thank,815,0.022746937,603,0.02500311,1.099185794
countri,1714,0.047838343,1268,0.05257702,1.099056046
choic,384,0.010717575,284,0.011775926,1.098749067
date,2666,0.074408998,1968,0.081602189,1.096670983
english,443,0.012364286,327,0.0135589,1.096618151
small,1342,0.037455692,990,0.041049882,1.095958432
touch,468,0.013062045,345,0.014305262,1.095177835
often,2203,0.061486505,1623,0.067296927,1.094499144
intellectu,800,0.022328282,589,0.024422606,1.093796959
engag,466,0.013006224,343,0.014222333,1.093502064
constant,716,0.019983812,527,0.021851806,1.093475348
fill,708,0.019760529,521,0.021603019,1.093240896
possibl,1665,0.046470736,1225,0.050794046,1.093032951
almost,1474,0.041139859,1084,0.044947547,1.092554732
singl,1027,0.028663931,755,0.031305718,1.092164137
complet,984,0.027463786,723,0.029978853,1.091577569
stand,662,0.018476653,486,0.02015176,1.090660748
kid,1687,0.047084764,1238,0.051333085,1.090227081
open,4004,0.111753049,2937,0.121781316,1.089735958
chang,1512,0.042200452,1109,0.045984161,1.089660376
can,13498,0.376733931,9898,0.410415889,1.089405163
whether,884,0.024672751,648,0.026869014,1.089015709
openmind,584,0.016299646,428,0.017746818,1.088785493
europ,690,0.019258143,505,0.020939586,1.087310773
good,12337,0.344330012,9020,0.374010034,1.086196444
hope,2774,0.077423316,2028,0.084090061,1.086107712
fair,1061,0.029612883,775,0.032135009,1.085169858
respect,1132,0.031594518,826,0.034249699,1.084039293
ice,381,0.010633844,278,0.011527139,1.084004847
emot,857,0.023919172,624,0.025873865,1.081720777
face,772,0.021546792,562,0.023303064,1.0815097
strive,419,0.011694437,305,0.012646681,1.081427029
buy,360,0.010047727,262,0.010863706,1.08121035
met,591,0.016495018,430,0.017829747,1.080917078
funni,2351,0.065617237,1710,0.070904341,1.080574924
eat,2335,0.065170672,1698,0.070406767,1.080344349
mine,590,0.016467108,429,0.017788282,1.080231119
realli,8278,0.231041893,6018,0.249533524,1.080035834
dark,467,0.013034134,339,0.014056475,1.078435614
quit,1617,0.045131039,1173,0.04863789,1.077703755
perform,488,0.013620252,354,0.014678443,1.077692458
introvert,455,0.01269921,330,0.013683294,1.077491733
find,6568,0.183315192,4760,0.197371149,1.076676446
easygo,722,0.020151274,523,0.021685948,1.076157644
trust,562,0.015685618,407,0.016876063,1.075894029
fast,380,0.010605934,275,0.011402745,1.075128813
similar,517,0.014429652,374,0.015507733,1.074712902
journey,408,0.011387424,295,0.012232035,1.074170588
origin,1401,0.039102403,1012,0.041962101,1.07313357
drive,1123,0.031343325,811,0.033627731,1.07288334
old,2441,0.068129169,1761,0.073019032,1.071773415
give,2367,0.066063803,1705,0.070697019,1.070132439
doesnt,1523,0.042507466,1097,0.045486586,1.070084634
mean,2774,0.077423316,1998,0.082846125,1.07004103
world,4990,0.139272656,3593,0.148982046,1.069714974
key,403,0.011247872,290,0.012024713,1.069065601
yes,1191,0.033241229,857,0.0355351,1.069006791
lot,6106,0.170420609,4392,0.182112203,1.068604344
order,543,0.015155321,390,0.016171166,1.067028897
describ,1664,0.046442826,1195,0.04955011,1.066905581
convers,2533,0.070696921,1819,0.075423975,1.066863637
settl,500,0.013955176,359,0.014885765,1.066684165
keep,3042,0.084903291,2184,0.090558527,1.066607978
whole,896,0.025007675,643,0.026661691,1.066140317
enjoy,12328,0.344078819,8846,0.366795207,1.066020884
present,498,0.013899355,357,0.014802836,1.065001641
bay,5195,0.144994278,3721,0.154289505,1.064107543
master,439,0.012252645,314,0.013019862,1.062616442
studi,1352,0.037734796,967,0.040096198,1.062578896
transplant,452,0.012615479,323,0.013393042,1.061635644
star,459,0.012810852,328,0.013600365,1.061628483
look,10788,0.301096877,7708,0.319608575,1.06148087
parti,1246,0.034776299,890,0.036903429,1.061166101
half,1012,0.028245276,722,0.029937389,1.059907801
dont,10499,0.293030785,7490,0.310569308,1.059852151
black,464,0.012950403,331,0.013724758,1.059793903
thought,1831,0.051103854,1306,0.054152672,1.059659257
town,975,0.027212593,695,0.028817846,1.05898935
anyon,1113,0.031064222,793,0.03288137,1.058496501
time,15205,0.424376901,10826,0.44889497,1.057774278
alway,6173,0.172290603,4392,0.182112203,1.057006014
see,5165,0.144156968,3673,0.152299208,1.056481767
path,425,0.0118619,302,0.012522287,1.055673006
motiv,463,0.012922493,329,0.013641829,1.055665456
orient,372,0.010382651,264,0.010946635,1.054319868
happen,1211,0.033799436,859,0.035618029,1.053805411
serious,3010,0.084010159,2133,0.088443836,1.052775485
fortun,432,0.012057272,306,0.012688145,1.05232305
told,1003,0.027994083,710,0.029439814,1.051644172
sincer,434,0.012113093,307,0.01272961,1.050896752
way,5350,0.149320383,3780,0.156735912,1.04966187
hill,368,0.01027101,260,0.010780777,1.049631687
mani,3551,0.09910966,2507,0.103951569,1.048854064
most,1282,0.035781071,905,0.037525397,1.048749961
add,423,0.011806079,298,0.012356429,1.046615833
big,2893,0.080744648,2038,0.084504706,1.046567273
area,4746,0.13246253,3343,0.138615914,1.046453769
havent,935,0.026096179,658,0.027283659,1.04550397
romant,1170,0.032655112,823,0.034125306,1.045021865
high,1651,0.046079991,1161,0.048140316,1.04471192
york,714,0.019927991,502,0.020815193,1.044520358
match,595,0.016606659,418,0.017332172,1.043688071
taken,487,0.013592341,342,0.014180868,1.043298417
special,1116,0.031147953,783,0.032466725,1.042338961
age,871,0.024309917,611,0.025334826,1.042160141
without,1533,0.04278657,1075,0.044574367,1.041784072
amount,431,0.012029362,302,0.012522287,1.040976862
four,443,0.012364286,310,0.012854003,1.039607422
weekend,1264,0.035278685,884,0.036654642,1.039002505
young,754,0.021044405,527,0.021851806,1.038366511
pretti,5501,0.153534846,3844,0.159389642,1.038133337
mind,2867,0.080018979,2003,0.083053448,1.037921863
hold,874,0.024393648,610,0.025293362,1.036883124
ladi,678,0.018923219,473,0.019612721,1.036436862
join,496,0.013843535,346,0.014346726,1.036348507
hear,843,0.023528427,588,0.024381142,1.036241915
somewher,520,0.014513383,362,0.015010159,1.034228808
meet,6437,0.179658936,4480,0.185761081,1.033965168
expect,798,0.022272461,555,0.023012813,1.033240677
left,781,0.021797985,543,0.022515238,1.032904571
major,747,0.020849033,519,0.02152009,1.032186465
stori,1293,0.036088085,898,0.037235145,1.031785013
blue,432,0.012057272,300,0.012439358,1.031689265
wait,693,0.019341874,481,0.019944438,1.031153322
photographi,805,0.022467833,558,0.023137206,1.029792495
process,391,0.010912948,271,0.011236887,1.029683935
much,6753,0.188478607,4680,0.194053987,1.029580971
year,9988,0.278768595,6919,0.286893063,1.029144128
difficult,423,0.011806079,293,0.012149106,1.029055165
leav,885,0.024700661,613,0.025417755,1.029031354
messag,1307,0.03647883,905,0.037525397,1.028689709
collect,419,0.011694437,290,0.012024713,1.028242093
within,422,0.011778169,292,0.012107642,1.027973228
attend,490,0.013676072,339,0.014056475,1.027815166
entir,399,0.01113623,276,0.011444209,1.027655593
think,7472,0.20854615,5166,0.214205747,1.027138344
hard,3037,0.084763739,2099,0.087034042,1.0267839
pictur,797,0.022244551,550,0.02280549,1.025216936
wont,915,0.025537972,631,0.026164117,1.024518179
quick,689,0.019230232,475,0.01969565,1.024202405
level,482,0.01345279,332,0.013766223,1.023298763
hang,2401,0.067012755,1652,0.068499399,1.022184489
know,9737,0.271763097,6699,0.277770867,1.022106644
ass,419,0.011694437,288,0.011941784,1.021150768
etc,1326,0.037009127,911,0.037774184,1.020672131
tri,9221,0.257361355,6329,0.262428992,1.019690744
varieti,446,0.012448017,306,0.012688145,1.019290488
listen,2199,0.061374864,1508,0.062528507,1.018796668
far,1676,0.04677775,1149,0.047642742,1.018491522
imagin,572,0.015964721,392,0.016254095,1.018125798
america,467,0.013034134,320,0.013268649,1.01799232
artist,1267,0.035362416,868,0.03599121,1.01778141
one,8812,0.245946021,6035,0.250238421,1.017452609
get,12113,0.338078093,8294,0.343906788,1.017240675
simpl,1240,0.034608836,849,0.035203384,1.017179055
say,5347,0.149236652,3660,0.151760169,1.016909501
respons,586,0.016355466,401,0.016627275,1.016618855
west,645,0.018002177,441,0.018285856,1.015758063
student,897,0.025035586,613,0.025417755,1.015265048
arent,423,0.011806079,289,0.011983248,1.01500663
word,1791,0.04998744,1223,0.050711117,1.014477163
never,3338,0.093164755,2279,0.094497657,1.014306939
mix,602,0.016802032,411,0.017041921,1.014277366
two,2484,0.069329314,1695,0.070282373,1.013746843
writer,406,0.011331603,277,0.011485674,1.013596586
differ,2480,0.069217673,1691,0.070116515,1.012985737
search,509,0.014206369,347,0.014388191,1.012798609
sound,1174,0.032766753,800,0.033171622,1.012356076
ski,894,0.024951855,609,0.025251897,1.012024852
said,1295,0.036143906,882,0.036571713,1.011836217
board,608,0.016969494,414,0.017166314,1.011598474
els,1707,0.047642971,1162,0.04818178,1.011309322
like,27933,0.779619861,19007,0.788116267,1.010898139
drink,2146,0.059895615,1460,0.06053821,1.01072857
lie,459,0.012810852,312,0.012936932,1.009841728
first,2778,0.077534958,1887,0.078243563,1.009139167
tend,1836,0.051243406,1247,0.051706265,1.009032559
god,430,0.012001451,292,0.012107642,1.008848144
realiz,754,0.021044405,512,0.021229838,1.008811487
ultim,364,0.010159368,247,0.010241738,1.008107796
french,429,0.011973541,291,0.012066177,1.007736759
stop,863,0.024086634,585,0.024256748,1.007062615
beat,375,0.010466382,254,0.01053199,1.006268441
style,492,0.013731893,333,0.013807688,1.005519586
hous,954,0.026626476,645,0.02674462,1.004437096
write,2954,0.08244718,1996,0.082763196,1.003832956
show,2043,0.057020849,1379,0.057179583,1.002783786
taho,363,0.010131458,245,0.010158809,1.002699649
check,898,0.025063496,605,0.025086039,1.000899429
sit,838,0.023388875,564,0.023385993,0.999876794
white,486,0.013564431,327,0.0135589,0.999592266
group,770,0.021490971,518,0.021478625,0.999425528
goe,883,0.024644841,594,0.024629929,0.999394937
help,1882,0.052527282,1266,0.052494091,0.999368118
earli,470,0.013117865,316,0.013102791,0.998850815
allow,439,0.012252645,295,0.012232035,0.998317995
follow,829,0.023137682,557,0.023095742,0.998187365
break,484,0.01350861,325,0.013475971,0.997583835
ago,1938,0.054090262,1301,0.05394535,0.997320917
front,389,0.010857127,261,0.010822242,0.996786872
enough,1765,0.049261771,1184,0.049094,0.996594294
anyth,3865,0.10787351,2592,0.107476054,0.996315536
cours,853,0.02380753,572,0.02371771,0.996227214
movi,4056,0.113204388,2718,0.112700585,0.995549617
made,1279,0.03569734,857,0.0355351,0.995455112
noth,1212,0.033827347,812,0.033669196,0.995324772
rais,2033,0.056741746,1360,0.056391757,0.993831902
turn,1182,0.032990036,790,0.032756976,0.992935455
real,1585,0.044237908,1059,0.043910934,0.992608745
except,752,0.020988585,502,0.020815193,0.991738744
minut,496,0.013843535,331,0.013724758,0.991420103
american,538,0.015015769,359,0.014885765,0.991342161
interest,5996,0.16735047,4001,0.165899573,0.991330187
come,3577,0.099835329,2385,0.098892897,0.990560137
eye,862,0.024058723,574,0.023800639,0.989272713
form,628,0.017527701,418,0.017332172,0.98884459
right,3661,0.102179798,2435,0.100966123,0.988122163
land,388,0.010829217,258,0.010697848,0.987869061
speak,980,0.027352145,651,0.026993407,0.986884474
perspect,393,0.010968768,261,0.010822242,0.986641459
three,908,0.0253426,603,0.02500311,0.98660399
sort,922,0.025733344,612,0.025376291,0.986124854
ride,1730,0.048284909,1148,0.047601277,0.98584171
fact,942,0.026291552,625,0.025915329,0.98569038
draw,496,0.013843535,329,0.013641829,0.985429649
fan,1327,0.037037037,880,0.036488784,0.985197164
sure,1484,0.041418962,984,0.040801095,0.985082494
decid,890,0.024840213,590,0.024464071,0.984857527
rare,590,0.016467108,391,0.01621263,0.984546311
done,1093,0.030506015,724,0.030020318,0.984078646
weird,644,0.017974267,426,0.017663889,0.982732085
bar,1423,0.039716431,941,0.03901812,0.982417584
middl,448,0.012503838,296,0.0122735,0.981578643
classic,498,0.013899355,329,0.013641829,0.981472101
theyr,456,0.01272712,301,0.012480823,0.980647796
everi,2809,0.078400179,1854,0.076875233,0.98054921
boston,476,0.013285328,314,0.013019862,0.980018105
hello,702,0.019593067,463,0.019198076,0.979840266
recent,2647,0.073878702,1745,0.0723556,0.979383749
whenev,443,0.012364286,292,0.012107642,0.97924312
though,3007,0.083926428,1982,0.082182693,0.979223045
backpack,478,0.013341148,315,0.013061326,0.979025629
ive,9005,0.251332719,5931,0.24592611,0.97848824
youll,789,0.022021268,519,0.02152009,0.977241177
answer,622,0.017360239,409,0.016958992,0.976886993
stay,2167,0.060481733,1423,0.059004022,0.975567654
treat,649,0.018113818,426,0.017663889,0.975160959
team,456,0.01272712,299,0.012397894,0.974131864
straight,487,0.013592341,319,0.013227184,0.973135073
whos,581,0.016215914,380,0.01575652,0.971670165
month,1291,0.036032264,844,0.034996061,0.971242343
howev,1017,0.028384828,664,0.027532446,0.969970509
talk,3278,0.091490134,2140,0.088734088,0.969876034
away,1280,0.03572525,835,0.03462288,0.969143103
music,7071,0.197354099,4611,0.191192934,0.968781169
free,1812,0.050573558,1181,0.048969607,0.968284786
box,545,0.015211142,355,0.014719907,0.9677056
job,2528,0.07055737,1646,0.068250612,0.967306631
lead,587,0.016383377,382,0.015839449,0.966800053
scene,469,0.013089955,305,0.012646681,0.966136301
view,689,0.019230232,448,0.018576108,0.965984584
ever,1709,0.047698791,1111,0.04606709,0.965791547
short,1310,0.036562561,851,0.035286313,0.965094117
deal,544,0.015183231,353,0.014636978,0.964022587
along,1697,0.047363867,1101,0.045652444,0.963866487
term,669,0.018672025,434,0.017995605,0.963773577
may,1699,0.047419688,1102,0.045693909,0.963606275
now,6335,0.17681208,4102,0.17008749,0.96196759
burn,400,0.011164141,259,0.010739313,0.961947071
final,658,0.018365012,426,0.017663889,0.961822892
occasion,973,0.027156772,629,0.026081188,0.960393493
usual,1970,0.054983393,1273,0.052784343,0.96000519
lol,644,0.017974267,416,0.017249243,0.959663257
certain,590,0.016467108,381,0.015797985,0.959366099
school,3427,0.095648776,2213,0.091760998,0.959353608
hour,937,0.026152,605,0.025086039,0.959239795
reason,993,0.027714979,641,0.026578762,0.959003483
late,956,0.026682296,617,0.025583613,0.958823513
grew,2370,0.066147534,1529,0.063399262,0.958452386
self,1285,0.035864802,829,0.034374093,0.958435313
isnt,845,0.023584247,545,0.022598167,0.958189036
wouldnt,540,0.01507159,348,0.014429655,0.957407638
desir,495,0.013815624,319,0.013227184,0.957407638
soon,689,0.019230232,444,0.01841025,0.957359722
fit,1253,0.034971671,807,0.033461873,0.956827982
busi,1812,0.050573558,1167,0.048389103,0.956806388
figur,1095,0.030561835,705,0.029232492,0.956503143
general,1801,0.050266544,1159,0.048057387,0.956051147
human,1006,0.028077814,647,0.026827549,0.955471426
anoth,1238,0.034553016,796,0.033005764,0.955220923
relat,740,0.02065366,475,0.01969565,0.953615483
around,5226,0.145859499,3353,0.139030559,0.953181384
spent,1497,0.041781797,959,0.039764481,0.951717841
physic,1206,0.033659884,772,0.032010615,0.951001925
call,1795,0.050099082,1148,0.047601277,0.950142706
unless,524,0.014625024,335,0.013890617,0.949784163
sever,623,0.017388149,398,0.016502882,0.949087884
caus,479,0.013369059,306,0.012688145,0.94906797
might,1661,0.046359095,1061,0.043993863,0.948980209
perhap,509,0.014206369,325,0.013475971,0.948586593
chicago,459,0.012810852,293,0.012149106,0.948344956
lost,563,0.015713528,359,0.014885765,0.947321638
last,2238,0.062463368,1427,0.05916988,0.947273296
least,1559,0.043512239,993,0.041174275,0.946268835
took,495,0.013815624,315,0.013061326,0.945402526
tell,2043,0.057020849,1300,0.053903885,0.945336419
better,2616,0.073013481,1662,0.068914044,0.943853702
head,1050,0.02930587,667,0.02765684,0.943730386
bad,1318,0.036785844,837,0.034705809,0.943455567
somewhat,611,0.017053225,388,0.016088237,0.943413136
mayb,1738,0.048508192,1103,0.045735373,0.942838143
grad,580,0.016188004,368,0.015258946,0.942608233
begin,474,0.013229507,300,0.012439358,0.94027376
state,985,0.027491697,623,0.0258324,0.939643729
actual,1640,0.045772977,1037,0.042998715,0.93939082
regular,693,0.019341874,438,0.018161463,0.938971217
rather,1606,0.044824025,1015,0.042086495,0.938927167
everyth,2486,0.069385135,1571,0.065140772,0.938828931
becom,1138,0.031761981,718,0.02977153,0.937332306
tall,501,0.013983086,316,0.013102791,0.937045675
pass,387,0.010801306,244,0.010117345,0.936677881
question,1131,0.031566608,712,0.029522743,0.935252316
end,1506,0.04203299,947,0.039266907,0.934192574
south,827,0.023081861,520,0.021561554,0.934134125
driven,630,0.017583522,396,0.016419953,0.933826169
develop,678,0.018923219,426,0.017663889,0.933450535
beer,1085,0.030282732,681,0.028237343,0.932456922
type,2032,0.056713835,1274,0.052825808,0.931444812
either,1022,0.02852438,640,0.026537297,0.930337404
career,1265,0.035306595,792,0.032839905,0.930135156
just,13866,0.38700494,8675,0.359704773,0.929457832
what,665,0.018560384,416,0.017249243,0.929358101
insid,440,0.012280555,275,0.011402745,0.928520338
bike,2576,0.071897067,1607,0.066633495,0.926790176
your,2131,0.05947696,1328,0.055064892,0.925818871
polit,1384,0.038627927,860,0.035659493,0.923153169
understand,1188,0.033157498,738,0.030600821,0.922892942
easi,2497,0.069692149,1551,0.064311482,0.922793781
probabl,2234,0.062351726,1387,0.057511299,0.922368995
depend,535,0.014932038,332,0.013766223,0.921925241
everyon,1368,0.038181361,848,0.035161919,0.920918418
sex,739,0.02062575,458,0.018990753,0.920730317
basic,781,0.021797985,484,0.020068831,0.920673688
back,5646,0.157581847,3496,0.144959987,0.919902828
colleg,2266,0.063244858,1403,0.058174732,0.919833387
san,5143,0.14354294,3184,0.132023054,0.919746065
francisco,4201,0.117251389,2600,0.10780777,0.919458369
alreadi,543,0.015155321,336,0.013932081,0.919286434
well,6034,0.168411064,3728,0.154579757,0.917871746
someth,4429,0.123614949,2734,0.113364017,0.917073689
point,1608,0.044879846,991,0.041091346,0.915585727
rememb,399,0.01113623,245,0.010158809,0.912230508
fine,660,0.018420832,405,0.016793133,0.91163815
move,6215,0.173462837,3813,0.158104242,0.911458871
less,935,0.026096179,573,0.023759174,0.910446467
work,12732,0.355354601,7779,0.322552556,0.907692078
let,3070,0.08568478,1873,0.077663059,0.906381026
use,2661,0.074269447,1616,0.067006676,0.902210517
discuss,483,0.0134807,293,0.012149106,0.901222225
anyway,571,0.015936811,346,0.014346726,0.900225673
particular,746,0.020821123,452,0.018741966,0.900141969
current,2215,0.06182143,1342,0.055645395,0.900098813
awesom,1574,0.043930894,953,0.039515694,0.899496704
put,1664,0.046442826,1007,0.041754779,0.899057674
given,491,0.013703983,297,0.012314965,0.898641273
nerdi,554,0.015462335,335,0.013890617,0.898351808
came,723,0.020179184,437,0.018119998,0.897954939
futur,675,0.018839488,407,0.016876063,0.895781399
whatev,962,0.026849759,580,0.024049426,0.895703611
idea,1465,0.040888666,881,0.036530248,0.893407692
youv,430,0.012001451,258,0.010697848,0.891379525
relax,1165,0.03251556,699,0.028983704,0.891379525
kinda,675,0.018839488,405,0.016793133,0.891379525
didnt,685,0.019118591,411,0.017041921,0.891379525
fire,404,0.011275782,242,0.010034416,0.889908602
goal,1049,0.029277959,628,0.026039723,0.889396793
ambiti,558,0.015573976,334,0.013849152,0.889249586
wrong,605,0.016885763,362,0.015010159,0.888923934
mountain,1065,0.029724525,637,0.026412904,0.888589605
instead,475,0.013257417,284,0.011775926,0.888251877
car,1226,0.034218091,733,0.030393498,0.888228918
rock,1478,0.0412515,883,0.036613177,0.887559901
ask,2157,0.060202629,1288,0.053406311,0.887109278
found,1092,0.030478104,651,0.026993407,0.885665554
simpli,422,0.011778169,251,0.010407596,0.883634521
top,607,0.016941584,361,0.014968694,0.883547525
rest,641,0.017890536,381,0.015797985,0.883035879
later,537,0.014987859,319,0.013227184,0.882526594
name,2242,0.062575009,1331,0.055189286,0.881970077
focus,755,0.021072316,448,0.018576108,0.881540899
second,582,0.016243825,345,0.014305262,0.880658465
film,976,0.027240504,578,0.023966497,0.879811075
line,737,0.020569929,436,0.018078534,0.878881666
play,7377,0.205894666,4364,0.180951196,0.878853248
act,564,0.015741438,333,0.013807688,0.877155384
toward,723,0.020179184,426,0.017663889,0.875351954
week,1421,0.03966061,837,0.034705809,0.875069977
coupl,1076,0.030031539,633,0.026247046,0.873982713
game,3402,0.094951017,2001,0.082970519,0.873824431
sinc,2223,0.062044712,1307,0.054194137,0.873469065
fish,446,0.012448017,262,0.010863706,0.872725843
site,1081,0.03017109,635,0.026329975,0.872688866
larg,540,0.01507159,317,0.013144255,0.872121325
updat,551,0.015378604,323,0.013393042,0.870888042
train,638,0.017806805,374,0.015507733,0.870888042
there,1329,0.037092858,779,0.032300867,0.870810948
kick,476,0.013285328,279,0.011568603,0.870780418
okcupid,611,0.017053225,358,0.014844301,0.870468821
attent,487,0.013592341,285,0.01181739,0.869415348
individu,566,0.015797259,331,0.013724758,0.86880631
guess,1469,0.041000307,858,0.035576564,0.867714582
door,454,0.0126713,265,0.0109881,0.867164369
across,581,0.016215914,339,0.014056475,0.866832068
bore,805,0.022467833,469,0.019446863,0.865542437
suppos,498,0.013899355,290,0.012024713,0.865127384
joke,1237,0.034525105,720,0.02985446,0.864717405
pick,545,0.015211142,317,0.013144255,0.864120212
exercis,622,0.017360239,361,0.014968694,0.862240108
start,2895,0.080800469,1679,0.069618941,0.861615557
profession,914,0.025510062,530,0.021976199,0.861471824
fuck,447,0.012475927,259,0.010739313,0.860802748
uniqu,523,0.014597114,303,0.012563752,0.860701071
typic,496,0.013843535,287,0.011900319,0.85963012
born,2437,0.068017528,1407,0.05834059,0.857728759
seem,1628,0.045438053,939,0.038935191,0.856885108
money,574,0.016020542,331,0.013724758,0.856697511
went,1514,0.042256273,871,0.036115603,0.85468028
worth,465,0.012978314,267,0.011071029,0.853040621
finish,690,0.019258143,396,0.016419953,0.852623893
that,2999,0.083703145,1718,0.071236058,0.851055921
profil,2145,0.059867705,1227,0.050876975,0.84982337
set,761,0.021239778,435,0.018037069,0.849211768
number,436,0.012168913,249,0.010324667,0.848446107
athlet,733,0.020458288,416,0.017249243,0.84314207
graduat,1229,0.034301823,697,0.028900775,0.842543435
send,529,0.014764576,300,0.012439358,0.842513729
tenni,696,0.019425605,394,0.016337024,0.841004628
got,2318,0.064696196,1310,0.054318531,0.839593887
smoke,456,0.01272712,257,0.010656383,0.837297288
club,784,0.021881716,440,0.018244392,0.833773365
ill,3182,0.08881074,1785,0.074014181,0.833392233
comedi,542,0.015127411,304,0.012605216,0.833269913
seen,470,0.013117865,262,0.010863706,0.828161119
histori,668,0.018644115,371,0.01538334,0.825104301
design,1238,0.034553016,684,0.028361737,0.820817979
summari,597,0.01666248,326,0.013517436,0.811249931
stuff,1957,0.054620559,1066,0.044201186,0.809240822
degre,924,0.025789165,503,0.020856657,0.808737195
climb,1104,0.030813029,597,0.024754323,0.803371945
main,557,0.015546066,299,0.012397894,0.79749395
nice,2769,0.077283765,1482,0.061450429,0.795127276
boy,844,0.023556337,451,0.018700502,0.793862886
sail,484,0.01350861,258,0.010697848,0.79192809
nerd,1078,0.030087359,573,0.023759174,0.789672956
yeah,518,0.014457562,270,0.011195422,0.774364452
manag,636,0.017750984,328,0.013600365,0.766175273
success,708,0.019760529,365,0.015134552,0.765898132
project,674,0.018811577,347,0.014388191,0.764858297
problem,669,0.018672025,344,0.014263797,0.763912697
normal,549,0.015322783,282,0.011692997,0.763111797
gym,785,0.021909626,401,0.016627275,0.758902738
hey,837,0.023360965,424,0.017580959,0.752578492
compani,1642,0.045828798,828,0.034332628,0.749149662
soccer,641,0.017890536,321,0.013310113,0.74397511
internet,608,0.016969494,303,0.012563752,0.740372796
berkeley,847,0.023640068,420,0.017415101,0.736677293
build,1074,0.029975718,530,0.021976199,0.733133377
sport,2887,0.080577186,1419,0.058838164,0.730208721
shit,520,0.014513383,255,0.010573454,0.728531342
cool,1612,0.044991487,783,0.032466725,0.72161928
chanc,746,0.020821123,359,0.014885765,0.714935767
univers,736,0.020542019,353,0.014636978,0.712538434
chill,894,0.024951855,421,0.017456566,0.699609955
band,665,0.018560384,310,0.012854003,0.692550508
laid,1396,0.038962851,640,0.026537297,0.681092283
surf,709,0.01978844,325,0.013475971,0.681002223
hobbi,803,0.022412013,365,0.015134552,0.675287519
scienc,1124,0.031371236,496,0.020566405,0.65558162
snowboard,886,0.024728572,385,0.015963843,0.645562673
hit,924,0.025789165,385,0.015963843,0.619013559
geek,893,0.024923944,353,0.014636978,0.587265719
women,1392,0.03885121,544,0.022556703,0.580592028
video,1164,0.03248765,412,0.017083385,0.525842446
guitar,963,0.026877669,292,0.012107642,0.450472172
guy,6887,0.192218594,1743,0.072272671,0.375992089
comput,1146,0.031985263,282,0.011692997,0.3655745